mID,CastID,Role
6710474,0000706,actor
6710474,3513533,actor
6710474,0702841,actor
6710474,0393222,actor
6710474,0000130,actor
6710474,3303059,actor
6710474,2809577,actor
6710474,1484270,actor
6710474,0927706,actor
6710474,4576371,actor
6710474,1594381,actor
6710474,5911757,actor
6710474,5869658,actor
6710474,4250814,actor
6710474,7918162,actor
6710474,2359285,actor
6710474,1190376,actor
6710474,1640149,actor
2948356,0329481,actor
2948356,0000867,actor
2948356,0252961,actor
2948356,2809577,actor
2948356,1535594,actor
2948356,0001372,actor
2948356,0482141,actor
2948356,0001045,actor
2948356,0799777,actor
2948356,0818055,actor
2948356,0876138,actor
2948356,0787680,actor
2948356,0675442,actor
2948356,5415922,actor
2948356,0005606,actor
2948356,1601882,actor
2948356,0299275,actor
2948356,0224007,actor
13235822,0644897,actor
13235822,1640384,actor
13235822,0000551,actor
13235822,3843467,actor
13235822,9659083,actor
13235822,1502541,actor
13235822,4475785,actor
13235822,7997107,actor
13235822,12018913,actor
0317219,0005562,actor
0317219,0001372,actor
0317219,0000056,actor
0317219,1249256,actor
0317219,0001507,actor
0317219,0001724,actor
0317219,0702925,actor
0317219,0507338,actor
0317219,0233209,actor
0317219,0909274,actor
0317219,0137506,actor
0317219,0001340,actor
0317219,0001652,actor
0317219,0710020,actor
0317219,0000474,actor
0317219,0678809,actor
0317219,0005315,actor
0317219,0182471,actor
10323676,1517976,actor
10323676,1843026,actor
10323676,7870704,actor
10323676,11123470,actor
10323676,2270222,actor
10323676,7349608,actor
10323676,5745472,actor
10323676,0480961,actor
10323676,4556061,actor
10323676,2760215,actor
10323676,0004936,actor
10323676,7335799,actor
10323676,9105523,actor
10323676,13530011,actor
10323676,0941888,actor
10323676,1324884,actor
10323676,0502696,actor
10323676,3149715,actor
9620288,0000226,actor
9620288,0254712,actor
9620288,1256532,actor
9620288,5181138,actor
9620288,9403098,actor
9620288,0001282,actor
9620288,10693286,actor
9620288,6822586,actor
9620288,4815306,actor
9620288,0727640,actor
9620288,0063800,actor
9620288,5164937,actor
9620288,8582283,actor
9620288,8939444,actor
9620288,8929615,actor
9620288,1456793,actor
9620288,0242656,actor
9620288,0339159,actor
9419884,1212722,actor
9419884,1046097,actor
9419884,0647634,actor
9419884,0836121,actor
9419884,0001772,actor
9419884,0132257,actor
9419884,7961780,actor
9419884,0938950,actor
9419884,0252230,actor
9419884,6623135,actor
9419884,4810527,actor
9419884,2651768,actor
9419884,11105476,actor
1745960,0000129,actor
1745960,0000124,actor
1745960,1886602,actor
1745960,0000174,actor
1745960,4834815,actor
1745960,0358316,actor
1745960,1412974,actor
1745960,0000438,actor
1745960,0446465,actor
1745960,3254274,actor
1745960,5730649,actor
1745960,9404262,actor
1745960,6639989,actor
1745960,1337350,actor
1745960,3100463,actor
1745960,8241861,actor
1745960,7153803,actor
1745960,1506981,actor
3794354,2355635,actor
3794354,0005188,actor
3794354,0000120,actor
3794354,1754366,actor
3794354,5625020,actor
3794354,1269723,actor
3794354,2837384,actor
3794354,0568180,actor
3794354,0125148,actor
3794354,0003964,actor
3794354,9961714,actor
3794354,1275101,actor
3794354,0446219,actor
3794354,2089175,actor
3794354,0149942,actor
3794354,0389581,actor
3794354,0117206,actor
3794354,6528918,actor
9411972,8402992,actor
9411972,0226813,actor
9411972,6170168,actor
9411972,0000657,actor
9411972,4973896,actor
9411972,1426686,actor
9411972,1501738,actor
9411972,0404924,actor
9411972,0159609,actor
9411972,5016962,actor
9411972,9897928,actor
9411972,0847857,actor
9411972,0532160,actor
9411972,1551999,actor
9411972,10781861,actor
9411972,2519780,actor
9411972,7582009,actor
9411972,10108642,actor
4244994,0000354,actor
4244994,3485845,actor
4244994,3069650,actor
4244994,0910040,actor
4244994,0000255,actor
4244994,3867299,actor
4244994,0190744,actor
4244994,0396908,actor
4244994,0183122,actor
4244994,13009138,actor
4244994,0662511,actor
4244994,7552807,actor
4244994,1492939,actor
4244994,1914270,actor
4244994,1401016,actor
4244994,1128414,actor
4244994,7846802,actor
4244994,0568385,actor
6920084,2546012,actor
6920084,2064412,actor
6920084,4789912,actor
6920084,2584392,actor
6920084,2240326,actor
6920084,0006610,actor
6920084,0568180,actor
6920084,5182450,actor
6920084,1756186,actor
6920084,10894712,actor
6920084,3466819,actor
6920084,4145157,actor
6920084,1956710,actor
6920084,11961024,actor
6920084,3848496,actor
6920084,8748191,actor
6920084,11967053,actor
6920084,1792091,actor
3521164,7635388,actor
3521164,0425005,actor
3521164,1344302,actor
3521164,0607325,actor
3521164,1318596,actor
3521164,0970122,actor
3521164,0876138,actor
3521164,0452714,actor
3521164,2290509,actor
3521164,8581231,actor
3521164,8581232,actor
3521164,1862960,actor
1464335,4043618,actor
1464335,0000242,actor
1464335,0000104,actor
1464335,1496115,actor
1464335,6616259,actor
1464335,0905357,actor
1464335,9168430,actor
1464335,10694706,actor
1464335,8837339,actor
1464335,13388489,actor
1464335,0657794,actor
1464335,2846393,actor
1464335,1692732,actor
1464335,13388490,actor
1464335,4404428,actor
1464335,0265344,actor
1464335,4751899,actor
1464335,8333392,actor
1051906,0005253,actor
1051906,2719825,actor
1051906,2976830,actor
1051906,0388038,actor
1051906,4977564,actor
1051906,1168915,actor
1051906,3715624,actor
1051906,1813111,actor
1051906,0576020,actor
1051906,11382550,actor
1051906,4824349,actor
1051906,0394034,actor
1051906,4783654,actor
1051906,11382551,actor
1051906,2784877,actor
1051906,4549541,actor
1051906,5048661,actor
1051906,0003482,actor
2463208,0005351,actor
2463208,11880640,actor
2463208,0749263,actor
2463208,0004950,actor
2463208,0757855,actor
2463208,0001416,actor
2463208,3520506,actor
2463208,9215986,actor
2463208,11953116,actor
2463208,1708815,actor
2463208,3402242,actor
2463208,7728822,actor
2463208,1649128,actor
2463208,13456353,actor
2463208,4215448,actor
2463208,0367762,actor
1856101,0000148,actor
1856101,0331516,actor
1856101,1869101,actor
1856101,1176985,actor
1856101,0000705,actor
1856101,0036553,actor
1856101,1315976,actor
1856101,0365445,actor
1856101,2810287,actor
1856101,1319365,actor
1856101,1679778,actor
1856101,0001579,actor
1856101,0001467,actor
1856101,1760156,actor
1856101,0007814,actor
1856101,4496875,actor
1856101,1279980,actor
1856101,2917590,actor
10406596,4592090,actor
10406596,5427601,actor
10406596,2050660,actor
10406596,6552615,actor
10406596,7468862,actor
10406596,6616960,actor
10406596,0186062,actor
10406596,6350696,actor
10406596,5723494,actor
10406596,8162275,actor
10406596,5594896,actor
10406596,10264057,actor
10406596,12077636,actor
10406596,13405256,actor
14039582,0632689,actor
14039582,4392528,actor
14039582,1929776,actor
14039582,12719478,actor
14039582,12719479,actor
14039582,12719480,actor
14039582,13161402,actor
14039582,2015658,actor
14039582,1209115,actor
14039582,11631351,actor
14039582,3825417,actor
14039582,6228555,actor
14039582,3628358,actor
14039582,13282089,actor
14039582,11757604,actor
14039582,2950254,actor
14039582,2873228,actor
14039582,4164317,actor
6334354,3053338,actor
6334354,0252961,actor
6334354,1078479,actor
6334354,1172478,actor
6334354,0740264,actor
6334354,0205626,actor
6334354,1694619,actor
6334354,0277213,actor
6334354,2541974,actor
6334354,2887579,actor
6334354,5941251,actor
6334354,0203457,actor
6334354,0348231,actor
6334354,0002888,actor
6334354,0012948,actor
6334354,1800191,actor
6334354,1684744,actor
6334354,3867385,actor
7657566,5290643,actor
7657566,0000906,actor
7657566,0000110,actor
7657566,1258970,actor
7657566,0745860,actor
7657566,2349733,actor
7657566,0780539,actor
7657566,2758578,actor
7657566,11980205,actor
7657566,11831019,actor
7657566,10778359,actor
7657566,10299345,actor
7657566,10499779,actor
7657566,9880999,actor
7657566,3220499,actor
7657566,0305081,actor
7657566,0912012,actor
7657566,0925274,actor
0993840,1176985,actor
0993840,3480246,actor
0993840,0478886,actor
0993840,1165044,actor
0993840,0744331,actor
0993840,0777788,actor
0993840,2482391,actor
0993840,0760796,actor
0993840,0226813,actor
0993840,0449299,actor
0993840,1950004,actor
0993840,4806622,actor
0993840,3287954,actor
0993840,0149150,actor
0993840,1746980,actor
0993840,2788802,actor
0993840,3803706,actor
0993840,3758697,actor
4263482,5896355,actor
4263482,0408591,actor
4263482,0225483,actor
4263482,0724995,actor
4263482,4308860,actor
4263482,5636909,actor
4263482,3453433,actor
4263482,0307796,actor
4263482,3893840,actor
4263482,5986523,actor
4263482,8128813,actor
4263482,8128814,actor
4263482,4770265,actor
4263482,8128815,actor
4263482,4289180,actor
4263482,0855997,actor
4263482,1307853,actor
4263482,7009147,actor
2382320,0185819,actor
2382320,1869101,actor
2382320,1785339,actor
2382320,2244205,actor
2382320,2736476,actor
2382320,0000146,actor
2382320,0924210,actor
2382320,0365140,actor
2382320,1239499,actor
2382320,0942482,actor
2382320,2915105,actor
2382320,0910607,actor
2382320,1399770,actor
2382320,8437705,actor
2382320,11645469,actor
2382320,12986347,actor
2382320,6749529,actor
2382320,0219465,actor
6467266,0000190,actor
6467266,0000702,actor
6467266,0424060,actor
6467266,1812991,actor
6467266,5473782,actor
6467266,1802209,actor
6467266,1134029,actor
6467266,0766837,actor
6467266,2003229,actor
6467266,0134072,actor
6467266,0644406,actor
6467266,0125511,actor
6467266,2765191,actor
6467266,7214498,actor
6467266,4004793,actor
6467266,0095104,actor
6467266,1214289,actor
6467266,0204919,actor
11286210,0356021,actor
11286210,6312506,actor
11286210,7665527,actor
11286210,7867621,actor
11286210,4457775,actor
11286210,10332396,actor
11286210,9586900,actor
11286210,4526400,actor
11286210,3406871,actor
11286210,6813707,actor
11286210,6214879,actor
11286210,1996454,actor
11286210,0022883,actor
11286210,0051104,actor
11286210,4526977,actor
11286210,4868086,actor
11286210,1344255,actor
11286210,0144232,actor
13320622,0000113,actor
13320622,1475594,actor
13320622,0705356,actor
13320622,5007768,actor
13320622,0000093,actor
13320622,1386645,actor
13320622,8773928,actor
13320622,6299248,actor
13320622,1732221,actor
13320622,0697824,actor
13320622,6029605,actor
13320622,9006483,actor
13320622,2127522,actor
13320622,1553436,actor
13320622,1519639,actor
13320622,3100463,actor
13320622,3110647,actor
13320622,0023238,actor
0816692,0000190,actor
0816692,0004266,actor
0816692,1567113,actor
0816692,3237775,actor
0816692,0000995,actor
0816692,0001475,actor
0816692,3154303,actor
0816692,0654648,actor
0816692,2180792,actor
0816692,0565133,actor
0816692,0410347,actor
0816692,0095960,actor
0816692,0004747,actor
0816692,0001137,actor
0816692,0000323,actor
0816692,1408543,actor
0816692,1577637,actor
0816692,0000729,actor
5537002,0687146,actor
5537002,0000138,actor
5537002,0000409,actor
5537002,0000134,actor
5537002,0179224,actor
5537002,0001475,actor
5537002,1209413,actor
5537002,0001987,actor
5537002,0033505,actor
5537002,0533323,actor
5537002,0667350,actor
5537002,0372366,actor
5537002,4291409,actor
5537002,0159609,actor
5537002,0059630,actor
5537002,1208725,actor
5537002,1877441,actor
5537002,2534638,actor
3581652,5052065,actor
3581652,10399505,actor
3581652,3663196,actor
3581652,3174725,actor
3581652,0001549,actor
3581652,0195421,actor
3581652,1015684,actor
3581652,4576311,actor
3581652,10399506,actor
3581652,10772681,actor
3581652,5822012,actor
3581652,7756613,actor
3581652,10772682,actor
3581652,10772686,actor
3581652,5080141,actor
3581652,10772684,actor
3581652,10772685,actor
3581652,6668520,actor
10370710,4561559,actor
10370710,0509264,actor
10370710,5122260,actor
10370710,1282571,actor
10370710,5014499,actor
10370710,0761374,actor
10370710,3114945,actor
10370710,12135926,actor
10370710,12135927,actor
10370710,0471932,actor
10370710,0820883,actor
10370710,9809753,actor
10370710,12135935,actor
10370710,8351516,actor
10370710,3462763,actor
10370710,9577608,actor
10370710,6270933,actor
10370710,13003845,actor
8772262,6073955,actor
8772262,2930503,actor
8772262,9859585,actor
8772262,2860379,actor
8772262,2401020,actor
8772262,4089168,actor
8772262,5994098,actor
8772262,0635419,actor
8772262,0292708,actor
8772262,8821891,actor
8772262,3692656,actor
8772262,1743101,actor
8772262,0088951,actor
8772262,0904880,actor
8772262,1143882,actor
8772262,8347333,actor
8772262,1203571,actor
8772262,1173000,actor
10366460,4454223,actor
10366460,0559144,actor
10366460,1319274,actor
10366460,3310289,actor
10366460,0278468,actor
10366460,0267772,actor
10366460,0152430,actor
10366460,5046593,actor
10366460,2972597,actor
10366460,7852691,actor
10366460,6916321,actor
10366460,3008060,actor
10366460,1655232,actor
10366460,9809074,actor
10366460,12277978,actor
10366460,0220240,actor
10366460,9099862,actor
10366460,12277980,actor
7740496,0177896,actor
7740496,0000949,actor
7740496,0001057,actor
7740496,0000353,actor
7740496,0420955,actor
7740496,1913734,actor
7740496,0000579,actor
7740496,0005460,actor
7740496,0000657,actor
7740496,0693957,actor
7740496,0534132,actor
7740496,0564697,actor
7740496,2167957,actor
7740496,1892299,actor
7740496,0064769,actor
7740496,0004286,actor
7740496,0625789,actor
7740496,0382110,actor
4123430,1519666,actor
4123430,2239702,actor
4123430,0283945,actor
4123430,0000136,actor
4123430,2295590,actor
4123430,0252238,actor
4123430,0745051,actor
4123430,2368789,actor
4123430,4360085,actor
4123430,0725701,actor
4123430,0180259,actor
4123430,3009232,actor
4123430,0797614,actor
4123430,5304426,actor
4123430,1049273,actor
4123430,3007817,actor
4123430,0574873,actor
4123430,2077159,actor
4513678,4689420,actor
4513678,0748620,actor
4513678,6016511,actor
4513678,5085683,actor
4513678,10594234,actor
4513678,9305936,actor
4513678,0000195,actor
4513678,0000101,actor
4513678,0001368,actor
4513678,0001633,actor
4513678,0000244,actor
4513678,0348409,actor
4513678,0799777,actor
4513678,3955737,actor
4513678,10656677,actor
4513678,9630002,actor
4513678,3809439,actor
4513678,0940158,actor
8115900,0005377,actor
8115900,0549505,actor
8115900,5377144,actor
8115900,0732497,actor
8115900,6588867,actor
8115900,1547964,actor
8115900,5939164,actor
8115900,0097504,actor
8115900,6530360,actor
8115900,0329361,actor
8115900,0607434,actor
8115900,0324233,actor
8115900,13491202,actor
8115900,0230666,actor
8115900,1019583,actor
8115900,13491203,actor
8115900,2157365,actor
11466222,0424216,actor
11466222,0828177,actor
11466222,0690686,actor
11466222,0257424,actor
11466222,0569199,actor
11466222,0010338,actor
11466222,1035634,actor
11466222,4926932,actor
11466222,1719646,actor
11466222,9301658,actor
11466222,9265587,actor
11466222,10559277,actor
11466222,5606969,actor
11466222,0871860,actor
11466222,1029269,actor
11466222,1079524,actor
11466222,1017027,actor
11466222,1076859,actor
14114802,3614913,actor
14114802,0753314,actor
14114802,3729721,actor
14114802,1926865,actor
14114802,0025458,actor
14114802,0750971,actor
14114802,0565611,actor
14114802,6838188,actor
14114802,9637346,actor
14114802,11260165,actor
14114802,2967359,actor
14114802,6522599,actor
14114802,13564858,actor
14114802,13564856,actor
14114802,13564861,actor
14114802,13564859,actor
14114802,13564860,actor
14114802,13564857,actor
11291274,0000115,actor
11291274,0050959,actor
11291274,0000193,actor
11291274,0778501,actor
11291274,1840504,actor
11291274,0000439,actor
11291274,0054697,actor
11291274,1279721,actor
11291274,1080764,actor
11291274,2091852,actor
11291274,1616937,actor
11291274,2897828,actor
11291274,4104437,actor
11291274,9016307,actor
11291274,1346713,actor
11291274,1992693,actor
11291274,4931044,actor
11291274,4788175,actor
11755740,4712111,actor
11755740,3220568,actor
11755740,0122511,actor
11755740,3632976,actor
11755740,3974805,actor
11755740,0288260,actor
11755740,6973777,actor
11755740,5430264,actor
11755740,0000481,actor
11755740,0394054,actor
11755740,2870590,actor
11755740,0002243,actor
11755740,0488662,actor
10665338,0000130,actor
10665338,0339460,actor
10665338,5506858,actor
10665338,0183921,actor
10665338,0145309,actor
10665338,2653003,actor
10665338,0001599,actor
10665338,3287038,actor
10665338,3526993,actor
10665338,4003553,actor
10665338,0519486,actor
10665338,0001309,actor
10665338,0194234,actor
10665338,2509902,actor
10665338,0567912,actor
10665338,4661233,actor
10665338,0724202,actor
10665338,0827111,actor
3281548,1519680,actor
3281548,0914612,actor
3281548,6073955,actor
3281548,7340546,actor
3281548,0000368,actor
3281548,3154303,actor
3281548,0504832,actor
3281548,0644022,actor
3281548,3584268,actor
3281548,0308039,actor
3281548,1159251,actor
3281548,0177933,actor
3281548,0000658,actor
3281548,9770180,actor
3281548,6251353,actor
3281548,9189209,actor
3281548,0687694,actor
3281548,6044874,actor
11138512,0002907,actor
11138512,0000173,actor
11138512,0051903,actor
11138512,0000160,actor
11138512,5896355,actor
11138512,6625833,actor
11138512,11830110,actor
11138512,0000353,actor
11138512,4969843,actor
11138512,6198408,actor
11138512,0288260,actor
11138512,11542893,actor
11138512,7801403,actor
11138512,0797614,actor
11138512,10861182,actor
11138512,1546538,actor
11138512,0001951,actor
11138512,1613839,actor
9376612,4855517,actor
9376612,5377144,actor
9376612,0504897,actor
9376612,0001426,actor
9376612,12000124,actor
9376612,2371196,actor
9376612,0000706,actor
9376612,0950757,actor
9376612,8108730,actor
9376612,5869658,actor
9376612,1592063,actor
9376612,12514072,actor
9376612,12883072,actor
9376612,12839220,actor
9376612,3513533,actor
9376612,4124946,actor
9376612,0157796,actor
9376612,0519023,actor
6705162,0005517,actor
6705162,0103785,actor
6705162,0159776,actor
6705162,1185445,actor
6705162,5804646,actor
6705162,4814017,actor
6705162,4356347,actor
6705162,12348405,actor
6705162,5619095,actor
6705162,12270022,actor
6705162,7835124,actor
6705162,11944732,actor
6705162,11944731,actor
6705162,8302891,actor
6705162,0199590,actor
6705162,0199603,actor
6705162,1158732,actor
6705162,11217363,actor
10293406,1212722,actor
10293406,0000379,actor
10293406,0687146,actor
10293406,2240346,actor
10293406,0501501,actor
10293406,0705680,actor
10293406,2407067,actor
10293406,2277047,actor
10293406,9078712,actor
10293406,7212536,actor
10293406,1959207,actor
10293406,12858638,actor
10293406,8187625,actor
10293406,4592485,actor
10293406,0132426,actor
10293406,2129444,actor
10293406,4277617,actor
10293406,0238444,actor
7979580,3434305,actor
7979580,1144419,actor
7979580,0748973,actor
7979580,5106831,actor
7979580,2765191,actor
7979580,1469236,actor
7979580,0035488,actor
7979580,3080722,actor
7979580,4178979,actor
7979580,1775466,actor
7979580,2304722,actor
7979580,3386916,actor
7979580,0005277,actor
7979580,8879034,actor
7979580,3596979,actor
7979580,2511956,actor
7979580,6421259,actor
7979580,12518685,actor
1655389,1869101,actor
1655389,0004778,actor
1655389,0134072,actor
1655389,0629855,actor
1655389,0226813,actor
1655389,0936607,actor
1655389,1058940,actor
1655389,0668139,actor
1655389,0403947,actor
1655389,0308208,actor
1655389,1882152,actor
1655389,2192439,actor
1655389,0219748,actor
1655389,2251716,actor
1655389,0930570,actor
1655389,0124873,actor
1655389,0726180,actor
1655389,0068709,actor
13634480,2064295,actor
13634480,1039930,actor
13634480,2482007,actor
13634480,13153558,actor
13634480,0005051,actor
13634480,0532461,actor
13634480,0670408,actor
13634480,1043126,actor
13634480,1925154,actor
13634480,0096190,actor
13634480,0364814,actor
13634480,8057105,actor
13634480,3887139,actor
13634480,0741612,actor
13634480,6200172,actor
0110912,0000237,actor
0110912,0000235,actor
0110912,0000168,actor
0110912,0000246,actor
0110912,0000619,actor
0110912,0001625,actor
0110912,0522503,actor
0110912,0482851,actor
0110912,0001844,actor
0110912,0824882,actor
0110912,0000609,actor
0110912,0129538,actor
0110912,0302345,actor
0110912,0000275,actor
0110912,0000655,actor
0110912,0387533,actor
0110912,0318402,actor
0110912,0794967,actor
13560574,5301405,actor
13560574,4911194,actor
13560574,0811242,actor
13560574,3264596,actor
13560574,0376540,actor
13560574,3338805,actor
13560574,0881831,actor
13560574,1197230,actor
13560574,0695306,actor
13560574,0230781,actor
13560574,2286906,actor
13560574,4277617,actor
11245972,0000117,actor
11245972,0001073,actor
11245972,0000274,actor
11245972,4574440,actor
11245972,4425051,actor
11245972,5700898,actor
11245972,4911194,actor
11245972,1910255,actor
11245972,5506401,actor
11245972,2864252,actor
11245972,5344800,actor
11245972,0005420,actor
11245972,0000240,actor
11245972,0973177,actor
11245972,1811747,actor
11245972,8677810,actor
11245972,0000525,actor
11245972,0196658,actor
0351283,0001674,actor
0351283,0001774,actor
0351283,0001710,actor
0351283,0000586,actor
0351283,0056187,actor
0351283,0147825,actor
0351283,0725200,actor
0351283,0569891,actor
0351283,0971017,actor
0351283,1844237,actor
0351283,0970447,actor
0351283,0201509,actor
0351283,0184748,actor
0351283,0032151,actor
0351283,0672330,actor
0351283,0661490,actor
0351283,1019583,actor
0351283,0970606,actor
9243804,2353862,actor
9243804,2539953,actor
9243804,0249291,actor
9243804,0002004,actor
9243804,8272760,actor
9243804,2208050,actor
9243804,1440097,actor
9243804,12778428,actor
9243804,11387014,actor
9243804,5160752,actor
9243804,0365317,actor
9243804,0225483,actor
9243804,0570375,actor
9243804,0408591,actor
9243804,12778430,actor
9243804,0175796,actor
9243804,0189724,actor
9243804,4422686,actor
11252248,1475594,actor
11252248,9208180,actor
11252248,3590810,actor
11252248,4380467,actor
11252248,12450894,actor
11252248,13409893,actor
11252248,13409894,actor
11252248,9251120,actor
11252248,11577563,actor
11252248,12450892,actor
11252248,12450891,actor
11252248,2750563,actor
11252248,6530137,actor
11252248,1658627,actor
11252248,3121198,actor
11252248,2111860,actor
11252248,13409895,actor
11252248,8287501,actor
0110357,0000111,actor
0110357,0000460,actor
0110357,0000469,actor
0110357,0000155,actor
0110357,0000100,actor
0110357,0129295,actor
0110357,0191906,actor
0110357,0347039,actor
0110357,0446702,actor
0110357,0001447,actor
0110357,0494922,actor
0110357,0001507,actor
0110357,0754676,actor
0110357,0801672,actor
0110357,0001795,actor
0110357,0919798,actor
0110357,0146681,actor
0110357,0243804,actor
6856242,0000146,actor
6856242,2605345,actor
6856242,0406975,actor
6856242,6170168,actor
6856242,0005023,actor
6856242,6578548,actor
6856242,5391162,actor
6856242,0328828,actor
6856242,0001097,actor
6856242,0487884,actor
6856242,11742393,actor
6856242,5906148,actor
6856242,0779785,actor
6856242,1527333,actor
6856242,3689528,actor
6856242,5638960,actor
6856242,0117709,actor
6856242,2056274,actor
8480678,0001736,actor
8480678,1417647,actor
8480678,0444786,actor
8480678,0409654,actor
8480678,9301064,actor
8480678,9867879,actor
8480678,6362474,actor
8480678,5506509,actor
8480678,2428881,actor
8480678,0901312,actor
8480678,6362473,actor
8480678,8840305,actor
8480678,12752967,actor
12361974,0147147,actor
12361974,0000255,actor
12361974,2933757,actor
12361974,0010736,actor
12361974,3570321,actor
12361974,0597388,actor
12361974,3009232,actor
12361974,0000353,actor
12361974,0251986,actor
12361974,0000460,actor
12361974,0000178,actor
12361974,0001567,actor
12361974,0799777,actor
12361974,0001354,actor
12361974,4404779,actor
12361974,1720028,actor
12361974,0608012,actor
12361974,2966840,actor
11286314,0000138,actor
11286314,2225369,actor
11286314,0000658,actor
11286314,0000949,actor
11286314,1726032,actor
11286314,1706767,actor
11286314,0753314,actor
11286314,1347153,actor
11286314,3154303,actor
11286314,0000579,actor
11286314,3812858,actor
11286314,3264596,actor
11286314,2797744,actor
11286314,0001491,actor
11286314,0004821,actor
11286314,0803037,actor
11286314,0002117,actor
11286314,0431451,actor
9032400,2110418,actor
9032400,0534635,actor
9032400,0001401,actor
9032400,0000161,actor
9032400,3229685,actor
9032400,3529685,actor
9032400,7186321,actor
9032400,3109964,actor
9032400,4248765,actor
9032400,4422686,actor
9032400,3011350,actor
9032400,0665370,actor
9032400,0803889,actor
9032400,1896736,actor
9032400,12025537,actor
9032400,4089170,actor
9032400,13061684,actor
9032400,8992586,actor
15033192,0781981,actor
15033192,2934314,actor
15033192,0687146,actor
15033192,2077552,actor
6264654,0005351,actor
6264654,3069650,actor
6264654,0169806,actor
6264654,2577076,actor
6264654,6564737,actor
6264654,2064295,actor
6264654,1475594,actor
6264654,9619603,actor
6264654,4162863,actor
6264654,8814069,actor
6264654,0481884,actor
6264654,10873230,actor
6264654,1053641,actor
6264654,0779881,actor
6264654,3608877,actor
6264654,3313805,actor
6264654,8039101,actor
6264654,5199565,actor
0068646,0000008,actor
0068646,0000199,actor
0068646,0001001,actor
0068646,0000473,actor
0068646,0144710,actor
0068646,0000380,actor
0068646,0001330,actor
0068646,0549134,actor
0068646,0002017,actor
0068646,0504803,actor
0068646,0001820,actor
0068646,0001735,actor
0068646,0751625,actor
0068646,0001030,actor
0068646,0094036,actor
0068646,0553887,actor
0068646,0455088,actor
0068646,0598926,actor
10944760,0512071,actor
10944760,5777565,actor
10944760,4469165,actor
10944760,9593750,actor
10944760,9793742,actor
10944760,12510150,actor
10944760,8279922,actor
10944760,4159235,actor
10944760,0094274,actor
10944760,0141126,actor
10944760,12763716,actor
10944760,12020078,actor
10944760,0296596,actor
10944760,6997926,actor
10944760,1211529,actor
10944760,0418621,actor
10944760,12763717,actor
10944760,5630047,actor
5834426,0000932,actor
5834426,0933940,actor
5834426,4263213,actor
5834426,4055138,actor
5834426,9531852,actor
5834426,0671567,actor
5834426,3846494,actor
5834426,12051167,actor
5834426,10012866,actor
5834426,12289978,actor
5834426,2937248,actor
5834426,3388031,actor
5834426,2726710,actor
5834426,0091505,actor
5834426,0747114,actor
5834426,4509855,actor
5834426,0270268,actor
5834426,0000661,actor
2953050,3715867,actor
2953050,1239720,actor
2953050,0000491,actor
2953050,8871347,actor
2953050,8731846,actor
2953050,0148382,actor
2953050,1333962,actor
2953050,4058898,actor
2953050,0005519,actor
2953050,7968341,actor
2953050,7418176,actor
2953050,4624481,actor
2953050,8349062,actor
2953050,0692419,actor
2953050,13117200,actor
2953050,4222238,actor
2953050,7362703,actor
2953050,0253476,actor
14060094,0000553,actor
14060094,0001644,actor
14060094,4973896,actor
14060094,8287501,actor
14060094,1834096,actor
14060094,0832227,actor
14060094,7689675,actor
14060094,9821349,actor
14060094,12388161,actor
14060094,1039877,actor
14060094,2984397,actor
14060094,1363122,actor
14060094,10628313,actor
14060094,8490640,actor
14060094,2122539,actor
14060094,2766774,actor
14060094,6303932,actor
14060094,0046591,actor
7984734,1500155,actor
7984734,0000353,actor
7984734,10840078,actor
7984734,11125041,actor
7984734,5777181,actor
7984734,0164996,actor
7984734,2652673,actor
7984734,1860965,actor
7984734,2496005,actor
7984734,8257932,actor
3470600,0000190,actor
3470600,0000702,actor
3470600,0532235,actor
3470600,0424060,actor
3470600,0000604,actor
3470600,5473782,actor
3470600,1812991,actor
3470600,0766837,actor
3470600,1617685,actor
3470600,1134029,actor
3470600,0784818,actor
3470600,1802209,actor
3470600,3080722,actor
3470600,3982894,actor
3470600,0644406,actor
3470600,0428656,actor
3470600,0674231,actor
3470600,0628170,actor
9464038,0010938,actor
9464038,7522451,actor
9464038,4650285,actor
9464038,0063769,actor
9464038,13387173,actor
9464038,0742502,actor
9464038,0129456,actor
9464038,3688363,actor
9464038,2856960,actor
9464038,13551287,actor
1386697,0000226,actor
1386697,0001467,actor
1386697,3053338,actor
1386697,0205626,actor
1386697,2968738,actor
1386697,0054697,actor
1386697,0246024,actor
1386697,2262926,actor
1386697,0926471,actor
1386697,1092086,actor
1386697,0235960,actor
1386697,0448302,actor
1386697,0652893,actor
1386697,5666795,actor
1386697,0569651,actor
1386697,1747924,actor
1386697,5770636,actor
1386697,0996669,actor
1160419,3154303,actor
1160419,0272581,actor
1160419,3918035,actor
1160419,1209966,actor
1160419,0597388,actor
1160419,0001745,actor
1160419,0376610,actor
1160419,0000982,actor
1160419,0000849,actor
1160419,1004267,actor
1160419,0151654,actor
1160419,1176985,actor
1160419,2810287,actor
1160419,0001648,actor
1160419,2129802,actor
1160419,7064768,actor
1160419,0267256,actor
1160419,0742929,actor
5726616,2309517,actor
5726616,3154303,actor
5726616,0836121,actor
5726616,0142972,actor
5726616,1081257,actor
5726616,4973460,actor
5726616,8747928,actor
5726616,8747929,actor
5726616,1997283,actor
5726616,2000106,actor
5726616,6056595,actor
5726616,0817379,actor
5726616,8787712,actor
0055614,0000081,actor
0055614,0001995,actor
0055614,0000937,actor
0055614,0848560,actor
0055614,0001549,actor
0055614,0643000,actor
0055614,0321982,actor
0055614,0104245,actor
0055614,0810233,actor
0055614,0603286,actor
0055614,0200597,actor
0055614,0270914,actor
0055614,0584290,actor
0055614,0063774,actor
0055614,0051551,actor
0055614,0853531,actor
0055614,0262823,actor
0055614,0008065,actor
9639470,5057169,actor
9639470,5896355,actor
9639470,1741002,actor
9639470,0001671,actor
9639470,4216045,actor
9639470,0878240,actor
9639470,0532067,actor
9639470,3915767,actor
9639470,8357122,actor
9639470,9438171,actor
9639470,6204053,actor
9639470,7055742,actor
9639470,10417728,actor
9639470,9692021,actor
9639470,0572965,actor
9639470,9831802,actor
9639470,0000654,actor
9639470,1242080,actor
13403046,8402992,actor
13403046,1659221,actor
13403046,6851510,actor
13403046,4490375,actor
13403046,3912883,actor
13403046,3114649,actor
13403046,2322192,actor
13403046,7258379,actor
13403046,1372589,actor
13403046,10832182,actor
13403046,8761380,actor
13403046,4478640,actor
13403046,0408948,actor
13403046,10223543,actor
13403046,9706622,actor
13403046,0182099,actor
13403046,5025950,actor
13403046,4339274,actor
0144084,0000288,actor
0144084,0857620,actor
0144084,0524197,actor
0144084,0756083,actor
0144084,0001721,actor
0144084,0000702,actor
0144084,0000526,actor
0144084,0743671,actor
0144084,0001467,actor
0144084,0000353,actor
0144084,0786806,actor
0144084,0877587,actor
0144084,0091505,actor
0144084,0576702,actor
0144084,0146146,actor
0144084,0930127,actor
0144084,0198695,actor
0144084,0366003,actor
11271038,6076229,actor
11271038,11866274,actor
11271038,0000576,actor
11271038,0001823,actor
11271038,13097991,actor
11271038,13097973,actor
11271038,5928079,actor
11271038,13165571,actor
11271038,13165572,actor
11271038,13165573,actor
11271038,0818587,actor
11271038,13165574,actor
11271038,13165575,actor
11271038,13165576,actor
11271038,7473839,actor
11271038,0814114,actor
11271038,4326281,actor
11271038,0388477,actor
10095582,0000243,actor
10095582,0000531,actor
10095582,1307435,actor
10095582,1584487,actor
10095582,0322407,actor
10095582,3659660,actor
10095582,0577982,actor
10095582,0027215,actor
10095582,5090093,actor
10095582,9458718,actor
10095582,0402898,actor
10095582,0836954,actor
10095582,0859921,actor
10095582,5212070,actor
10095582,0740535,actor
10095582,3711953,actor
10095582,7698748,actor
10095582,5699472,actor
3228774,1297015,actor
3228774,0000668,actor
3228774,2181128,actor
3228774,3236159,actor
3228774,2312391,actor
3228774,2387806,actor
3228774,0835016,actor
3228774,1315378,actor
3228774,4624730,actor
3228774,5857152,actor
3228774,11070112,actor
3228774,4942550,actor
3228774,4963600,actor
3228774,9245821,actor
3228774,0063311,actor
3228774,6554076,actor
3228774,1095324,actor
3228774,2915509,actor
12585076,0819850,actor
12585076,0103785,actor
12585076,0940974,actor
12585076,4731139,actor
12585076,4965072,actor
12585076,9109723,actor
12585076,3813298,actor
12585076,7093076,actor
12585076,2864252,actor
12585076,7738736,actor
12585076,0010837,actor
12585076,6705372,actor
12585076,6185683,actor
12585076,13536500,actor
12585076,8620050,actor
12585076,5891786,actor
12585076,2345104,actor
12585076,5924098,actor
11214590,3078932,actor
11214590,3485845,actor
11214590,0000199,actor
11214590,0000460,actor
11214590,0001467,actor
11214590,1658935,actor
11214590,0000161,actor
11214590,1001515,actor
11214590,0516020,actor
11214590,1614523,actor
11214590,1891185,actor
11214590,1454881,actor
11214590,0138840,actor
11214590,12384182,actor
11214590,0623854,actor
11214590,6221923,actor
11214590,0682123,actor
11214590,0849135,actor
11924384,12666304,actor
11924384,1981893,actor
11924384,0080438,actor
11924384,7703116,actor
11924384,2697883,actor
11924384,8701411,actor
11924384,9404110,actor
11924384,4464722,actor
11924384,4234659,actor
11924384,7578896,actor
11924384,5121064,actor
11924384,9169920,actor
2184390,0502342,actor
2184390,1130496,actor
2184390,4396442,actor
2184390,2366201,actor
2184390,1558628,actor
2184390,0241759,actor
2184390,0128731,actor
2184390,9811146,actor
2184390,0918195,actor
2184390,6627438,actor
2184390,2345460,actor
2184390,2882492,actor
2184390,8027543,actor
2184390,11682644,actor
2184390,8477650,actor
2184390,8417493,actor
2184390,7200497,actor
2184390,7024122,actor
12412888,0005188,actor
12412888,0000120,actor
12412888,2355635,actor
12412888,1754366,actor
12412888,0252961,actor
12412888,5625020,actor
12412888,1269723,actor
12412888,0005245,actor
12412888,2837384,actor
12412888,0642601,actor
12412888,9961714,actor
12412888,0125148,actor
12412888,8442868,actor
12412888,6976481,actor
12412888,1004344,actor
12412888,2814333,actor
12412888,0369720,actor
12412888,2035497,actor
2322441,0424848,actor
2322441,1946193,actor
2322441,0000383,actor
2322441,3037833,actor
2322441,0711559,actor
2322441,2093766,actor
2322441,0001315,actor
2322441,1357683,actor
2322441,0242882,actor
2322441,0719678,actor
2322441,0014803,actor
2322441,0623604,actor
2322441,6665157,actor
2322441,0803896,actor
2322441,4350371,actor
2322441,3424969,actor
2322441,0206079,actor
2322441,0125148,actor
0119173,0000193,actor
0119173,0001557,actor
0119173,0000843,actor
0119173,0000892,actor
0119173,0901926,actor
0119173,0383422,actor
0119173,0300824,actor
0119173,0913175,actor
0119173,0883008,actor
0119173,0004820,actor
0119173,0005020,actor
0119173,0001029,actor
0119173,0005089,actor
0119173,0202819,actor
0119173,0709078,actor
0119173,0069131,actor
0119173,0934113,actor
0119173,0421087,actor
11324406,0001057,actor
11324406,3849842,actor
11324406,0836121,actor
11324406,0000147,actor
11324406,2851530,actor
11324406,3747611,actor
11324406,1679669,actor
11324406,2200639,actor
11324406,4969783,actor
11324406,0347375,actor
11324406,4609822,actor
11324406,5237304,actor
11324406,4556061,actor
11324406,1146857,actor
11324406,1495175,actor
11324406,3673618,actor
11324406,2610597,actor
11324406,0571930,actor
1345836,0000288,actor
1345836,0362766,actor
1345836,0004266,actor
1345836,0000198,actor
1345836,0330687,actor
1345836,0182839,actor
1345836,0000151,actor
1345836,0000323,actor
1345836,0000546,actor
1345836,0009530,actor
1345836,0578853,actor
1345836,1218607,actor
1345836,0839326,actor
1345836,0318821,actor
1345836,1404145,actor
1345836,2465744,actor
1345836,0004801,actor
1345836,0191442,actor
11198330,0175916,actor
11198330,4972453,actor
11198330,8458664,actor
11198330,1741002,actor
11198330,0869750,actor
11198330,0078925,actor
11198330,0406975,actor
11198330,4420495,actor
11198330,8844328,actor
11198330,6854116,actor
11198330,6917958,actor
11198330,1507708,actor
11198330,2131630,actor
11198330,0395257,actor
11198330,0574615,actor
11198330,2765916,actor
11198330,0665473,actor
11198330,2418667,actor
8430054,12950877,actor
8430054,12950879,actor
8430054,12950880,actor
8430054,7185483,actor
8430054,12950881,actor
8430054,12950882,actor
8430054,12950883,actor
8430054,5738781,actor
8430054,12950884,actor
8430054,12950885,actor
8430054,12950886,actor
8430054,12950887,actor
8430054,12950888,actor
8430054,0578202,actor
8430054,1984435,actor
8430054,12950889,actor
8430054,3214892,actor
8430054,12950890,actor
5109280,4511652,actor
5109280,5377144,actor
5109280,2110418,actor
5109280,9865891,actor
5109280,0196654,actor
5109280,0938950,actor
5109280,2033115,actor
5109280,0644897,actor
5109280,8009776,actor
5109280,0814586,actor
5109280,0876138,actor
5109280,11260551,actor
5109280,1901842,actor
5109280,8773928,actor
5109280,0661864,actor
5109280,0437646,actor
5109280,7153883,actor
5109280,5224900,actor
0120338,0000138,actor
0120338,0000701,actor
0120338,0000708,actor
0120338,0000870,actor
0120338,0004920,actor
0120338,0001784,actor
0120338,0000200,actor
0120338,0384060,actor
0120338,0001831,actor
0120338,0001255,actor
0120338,0404993,actor
0120338,0000751,actor
0120338,0008656,actor
0120338,0143167,actor
0120338,0755972,actor
0120338,0001572,actor
0120338,0058029,actor
0120338,0829380,actor
10298810,0262635,actor
10298810,1551130,actor
10298810,0169806,actor
10298810,0812307,actor
10298810,2499064,actor
10298810,0000981,actor
10298810,0708293,actor
10298810,0926086,actor
10298810,0815831,actor
10298810,0568056,actor
3402236,0000110,actor
3402236,0004851,actor
3402236,0000353,actor
3402236,0001132,actor
3402236,5469396,actor
3402236,9297442,actor
3402236,4731610,actor
3402236,0745860,actor
3402236,0505404,actor
3402236,1507556,actor
3402236,0519034,actor
3402236,5121393,actor
3402236,2301662,actor
3402236,5397459,actor
3402236,1502434,actor
3402236,4213457,actor
3402236,3335517,actor
3402236,9389251,actor
5052448,2257207,actor
5052448,4129745,actor
5052448,0925966,actor
5052448,0001416,actor
5052448,2655177,actor
5052448,5436968,actor
5052448,3340597,actor
5052448,3147751,actor
5052448,0740535,actor
5052448,2577076,actor
5052448,2214493,actor
5052448,0932847,actor
5052448,0488255,actor
5052448,4152547,actor
5052448,0186657,actor
5052448,1046808,actor
5052448,6162435,actor
5052448,0378800,actor
0077413,0001811,actor
0077413,0001201,actor
0077413,0531546,actor
0077413,0000945,actor
0077413,0001042,actor
0077413,0000012,actor
0077413,0277424,actor
0077413,0001377,actor
0077413,0424102,actor
0077413,0001421,actor
0077413,0001450,actor
0077413,0000057,actor
0077413,0001749,actor
0077413,0912001,actor
0077413,0028674,actor
0077413,0910737,actor
0077413,0347015,actor
0077413,0382799,actor
10648342,2394794,actor
10648342,0169806,actor
10648342,0000288,actor
10648342,0000204,actor
10648342,0000128,actor
10648342,0695435,actor
10648342,0000354,actor
10648342,1165110,actor
10648342,0565250,actor
10648342,1935086,actor
10648342,0000554,actor
10648342,1526352,actor
10648342,1292661,actor
10648342,0348231,actor
10648342,0750971,actor
10648342,9339457,actor
10648342,5661368,actor
10648342,2551407,actor
4154796,0000375,actor
4154796,0262635,actor
4154796,0749263,actor
4154796,1165110,actor
4154796,0424060,actor
4154796,0719637,actor
4154796,0000332,actor
4154796,0748620,actor
4154796,1212722,actor
4154796,1569276,actor
4154796,0488953,actor
4154796,4043618,actor
4154796,2394794,actor
4154796,0757855,actor
4154796,1431940,actor
4154796,1935086,actor
4154796,0000623,actor
4154796,0647634,actor
4123432,1519666,actor
4123432,0000179,actor
4123432,3009232,actor
4123432,0283945,actor
4123432,1776151,actor
4123432,0586568,actor
4123432,2239702,actor
4123432,5304426,actor
4123432,3007817,actor
4123432,5438664,actor
4123432,0837223,actor
4123432,4360085,actor
4123432,0185404,actor
4123432,1790970,actor
4123432,6251140,actor
4123432,7417369,actor
4123432,4358340,actor
4123432,0618986,actor
10954652,0305558,actor
10954652,3043279,actor
10954652,0001722,actor
10954652,1842974,actor
10954652,5057169,actor
10954652,3880181,actor
10954652,0025458,actor
10954652,0504962,actor
10954652,7340546,actor
10954652,7543974,actor
10954652,0001110,actor
10954652,2047170,actor
10954652,5216475,actor
10954652,0358390,actor
10954652,0149910,actor
10954652,0247754,actor
10954652,9842062,actor
10954652,8724554,actor
4998632,0350453,actor
4998632,5584344,actor
4998632,2555462,actor
4998632,0226813,actor
4998632,1218757,actor
4998632,7878293,actor
4998632,2274369,actor
4998632,9458718,actor
4998632,6018521,actor
4998632,2336180,actor
4998632,0553436,actor
4998632,1883803,actor
4998632,1504678,actor
4998632,0907353,actor
4998632,4231435,actor
4998632,13476426,actor
4998632,2963873,actor
4998632,10885888,actor
9115530,1567113,actor
9115530,1940449,actor
9115530,0427728,actor
9115530,0000352,actor
9115530,1458132,actor
9115530,0415382,actor
9115530,1209413,actor
9115530,0646192,actor
9115530,0499791,actor
9115530,6718679,actor
9115530,0401132,actor
9115530,1112969,actor
9115530,1093988,actor
9115530,0654372,actor
9115530,2546388,actor
9115530,3254270,actor
9115530,4996050,actor
9115530,1422176,actor
8847712,0001125,actor
8847712,0004778,actor
8847712,0842770,actor
8847712,2244205,actor
8847712,0000531,actor
8847712,3154303,actor
8847712,6891947,actor
8847712,0942482,actor
8847712,0023832,actor
8847712,0661950,actor
8847712,0000195,actor
8847712,0005562,actor
8847712,0000837,actor
8847712,0001857,actor
8847712,0809135,actor
8847712,1727825,actor
8847712,1616970,actor
8847712,0683978,actor
8097030,8823152,actor
8097030,0644897,actor
8097030,6205098,actor
8097030,7490724,actor
8097030,10826558,actor
8097030,4093657,actor
8097030,0387395,actor
8097030,12315349,actor
8097030,0157937,actor
8097030,1682509,actor
8097030,8781499,actor
8097030,6440595,actor
8097030,0393222,actor
8097030,3332894,actor
8097030,3906552,actor
8097030,10277997,actor
8097030,11757729,actor
8097030,3684188,actor
2180339,0000255,actor
2180339,1869101,actor
2180339,0504832,actor
2180339,11096472,actor
2180339,0005231,actor
2180339,0004761,actor
2180339,1393354,actor
2180339,8624059,actor
2180339,2577076,actor
2180339,1676629,actor
2180339,5159709,actor
2180339,1587729,actor
2180339,3252387,actor
2180339,2154316,actor
2180339,3264358,actor
2180339,2142326,actor
2180339,3806295,actor
2180339,3281079,actor
3183660,1519666,actor
3183660,2239702,actor
3183660,0837223,actor
3183660,0283945,actor
3183660,0714866,actor
3183660,2580832,actor
3183660,0072758,actor
3183660,0846925,actor
3183660,0268199,actor
3183660,0384732,actor
3183660,0799252,actor
3183660,0608090,actor
3183660,3009232,actor
3183660,7500671,actor
3183660,2893183,actor
3183660,3270798,actor
3183660,0688351,actor
3183660,0106998,actor
12789558,11879379,actor
12789558,11888099,actor
12789558,1495520,actor
12789558,1946193,actor
12789558,0001132,actor
12789558,0001354,actor
12789558,0907905,actor
12789558,12260920,actor
12789558,12225877,actor
12789558,10031166,actor
12789558,11848155,actor
12789558,11705174,actor
12789558,11584191,actor
12789558,11002572,actor
12789558,0540585,actor
12789558,7107447,actor
12789558,9111156,actor
12789558,10155819,actor
14331144,4533533,actor
14331144,2594314,actor
14331144,2573928,actor
14331144,0370582,actor
14331144,2106149,actor
14331144,2174227,actor
14331144,2095800,actor
14331144,1778495,actor
14331144,0412628,actor
14331144,1878161,actor
14331144,4262853,actor
14331144,1069584,actor
14331144,1425287,actor
14331144,7835996,actor
14331144,6929958,actor
14331144,4303311,actor
14331144,0586528,actor
14331144,0594074,actor
8178634,1694524,actor
8178634,2776304,actor
8178634,0222426,actor
8178634,1017633,actor
8178634,11324543,actor
8178634,1328152,actor
8178634,0829032,actor
8178634,0233145,actor
8178634,2284321,actor
8178634,6252873,actor
8178634,0221218,actor
8178634,1960306,actor
8178634,8412322,actor
8178634,4535968,actor
8178634,8858156,actor
8178634,9908220,actor
8178634,12533113,actor
8178634,1204791,actor
1877830,1500155,actor
1877830,2368789,actor
1877830,0942482,actor
1877830,0268199,actor
1877830,0200452,actor
1877830,0001806,actor
1877830,0785227,actor
1877830,0765597,actor
1877830,4422686,actor
1877830,11123883,actor
1877830,4909175,actor
1877830,0567945,actor
1877830,0642126,actor
1877830,0273159,actor
1877830,0672303,actor
1877830,1017942,actor
1877830,10706149,actor
1877830,8940462,actor
10872600,4043618,actor
10872600,3918035,actor
10872600,1212722,actor
10872600,8188622,actor
10872600,0269463,actor
10872600,0004937,actor
10872600,0000353,actor
10872600,0000547,actor
10872600,0938950,actor
10872600,1727825,actor
10872600,0000673,actor
10872600,1940449,actor
10872600,0001497,actor
10872600,3886028,actor
10872600,1573892,actor
10872600,0628420,actor
10872600,2868110,actor
10872600,0771414,actor
0468569,0000288,actor
0468569,0005132,actor
0468569,0001173,actor
0468569,0000323,actor
0468569,0350454,actor
0468569,0000198,actor
0468569,0000151,actor
0468569,1010931,actor
0468569,0212939,actor
0468569,0614165,actor
0468569,1977856,actor
0468569,0004801,actor
0468569,0000616,actor
0468569,0182662,actor
0468569,0001309,actor
0468569,0843775,actor
0468569,0568801,actor
0468569,0367176,actor
6751668,0814280,actor
6751668,1310525,actor
6751668,1856097,actor
6751668,6079248,actor
6751668,6476224,actor
6751668,7553003,actor
6751668,4525883,actor
6751668,3745391,actor
6751668,7616095,actor
6751668,10700274,actor
6751668,4522499,actor
6751668,10860732,actor
6751668,11261148,actor
6751668,10215504,actor
6751668,11044243,actor
6751668,11432327,actor
6751668,9086195,actor
6751668,11432328,actor
13610562,10036531,actor
13610562,4478685,actor
13610562,0784818,actor
13610562,3906046,actor
13610562,2394794,actor
13610562,3008739,actor
13610562,6074326,actor
13610562,13538811,actor
13610562,13538812,actor
13610562,7960400,actor
13610562,7210025,actor
13610562,1983888,actor
13610562,0005182,actor
13610562,3304457,actor
13610562,2957717,actor
13610562,0050959,actor
13610562,13117756,actor
13610562,1221047,actor
11127680,0334318,actor
11127680,0733172,actor
11127680,8420166,actor
11127680,1110435,actor
11127680,2648214,actor
11127680,3142672,actor
11127680,9287628,actor
11127680,7501381,actor
11127680,10251159,actor
11127680,0002076,actor
11127680,0264525,actor
11127680,10019144,actor
11127680,6551323,actor
11127680,10441597,actor
11127680,8142076,actor
11127680,10207153,actor
11127680,3238734,actor
11127680,2389290,actor
10223460,0000182,actor
10223460,0005562,actor
10223460,8349062,actor
10223460,4263213,actor
10223460,0798971,actor
10223460,5668548,actor
10223460,2345104,actor
10223460,2965096,actor
10223460,6335261,actor
10223460,6550537,actor
10223460,8134958,actor
10223460,4054776,actor
10223460,4074112,actor
10223460,9561688,actor
10223460,13352096,actor
10223460,13200755,actor
10223460,11508306,actor
10223460,8806555,actor
13841850,2976580,actor
13841850,1239499,actor
13841850,4587360,actor
13841850,5469396,actor
8296030,0636426,actor
8296030,1671512,actor
8296030,2129444,actor
8296030,7794816,actor
8296030,1929018,actor
8296030,9029751,actor
8296030,1671184,actor
8296030,1077497,actor
8296030,0728432,actor
8296030,1357278,actor
8296030,2961216,actor
8296030,2862189,actor
8296030,0043324,actor
8296030,8527657,actor
8296030,12608112,actor
8296030,9136246,actor
8296030,5837322,actor
8296030,11886538,actor
1843303,4497612,actor
1843303,8134170,actor
1843303,8134169,actor
1843303,3944814,actor
1843303,6916005,actor
1843303,2009087,actor
1843303,4219529,actor
1843303,3217399,actor
1843303,7392511,actor
1843303,4906931,actor
1843303,3318325,actor
1843303,6968656,actor
1843303,0901807,actor
1843303,5867394,actor
1843303,4445500,actor
1843303,3670910,actor
1843303,3945100,actor
1843303,4175128,actor
0241527,0705356,actor
0241527,0342488,actor
0241527,0001321,actor
0241527,0001749,actor
0241527,0001059,actor
0241527,1196732,actor
0241527,0789716,actor
0241527,0577982,actor
0241527,0341743,actor
0241527,0212600,actor
0241527,0001324,actor
0241527,1089198,actor
0241527,0001116,actor
0241527,0873942,actor
0241527,0000457,actor
0241527,0107101,actor
0241527,0813893,actor
0241527,0852442,actor
5108870,0001467,actor
5108870,1741002,actor
5108870,5245722,actor
5108870,0364813,actor
5108870,0879085,actor
5108870,1371339,actor
5108870,0000474,actor
5108870,9485683,actor
5108870,1035368,actor
5108870,6339026,actor
5108870,10795427,actor
5108870,11078354,actor
5108870,13539276,actor
5108870,13539277,actor
5108870,6220510,actor
5108870,6664537,actor
5108870,8014044,actor
5108870,0424819,actor
0092099,0000129,actor
0092099,0000209,actor
0092099,0000534,actor
0092099,0000174,actor
0092099,0000381,actor
0092099,0000643,actor
0092099,0000461,actor
0092099,0007082,actor
0092099,0875613,actor
0092099,0001685,actor
0092099,0319739,actor
0092099,0399531,actor
0092099,0866055,actor
0092099,0000212,actor
0092099,0664499,actor
0092099,0103713,actor
0092099,0835146,actor
0092099,0790571,actor
4633694,4271336,actor
4633694,2159926,actor
4633694,2794962,actor
4633694,0991810,actor
4633694,3109964,actor
4633694,0005499,actor
4633694,0904967,actor
4633694,2368789,actor
4633694,1825214,actor
4633694,4733752,actor
4633694,0000115,actor
4633694,1063517,actor
4633694,0000630,actor
4633694,1517976,actor
4633694,2295540,actor
4633694,2430511,actor
4633694,1209966,actor
4633694,2336966,actor
7978758,11742345,actor
7978758,0085312,actor
7978758,1563349,actor
7978758,0936315,actor
7978758,6890499,actor
7978758,5946818,actor
7978758,10523267,actor
7978758,11742543,actor
7978758,11607815,actor
7978758,1157048,actor
7978758,1412974,actor
7978758,13059252,actor
7978758,11716859,actor
7978758,6872480,actor
7978758,10669206,actor
7978758,13562196,actor
7978758,6320288,actor
7978758,13562197,actor
0117571,0000117,actor
0117571,0001073,actor
0117571,0000274,actor
0117571,0000240,actor
0117571,0000106,actor
0117571,0413996,actor
0117571,0909384,actor
0117571,0095673,actor
0117571,0368938,actor
0117571,0372967,actor
0117571,0114868,actor
0117571,0000535,actor
0117571,0766881,actor
0117571,0924178,actor
0117571,0000498,actor
0117571,0005085,actor
0117571,0063482,actor
0117571,0452919,actor
10838180,0000206,actor
10838180,0005251,actor
10838180,5584344,actor
10838180,2676147,actor
10838180,3725055,actor
10838180,0000439,actor
10838180,0000586,actor
10838180,1231899,actor
10838180,0000207,actor
10838180,0933727,actor
10838180,2255271,actor
10838180,5255496,actor
10838180,0726262,actor
10838180,3615382,actor
10838180,1668284,actor
10838180,2057853,actor
10838180,0814077,actor
10838180,1635257,actor
15374070,0342970,actor
15374070,0578829,actor
15374070,0751942,actor
15374070,1011269,actor
15374070,1927881,actor
15374070,1360806,actor
15374070,1579753,actor
15374070,0307531,actor
15374070,0343678,actor
15374070,4911194,actor
15374070,2804164,actor
15374070,1324954,actor
15374070,0287182,actor
15374070,1875808,actor
15374070,1275506,actor
15374070,0005360,actor
15374070,0000118,actor
15374070,0801051,actor
12801262,5016878,actor
12801262,6244013,actor
12801262,11735922,actor
12801262,7184459,actor
12801262,0748973,actor
12801262,0057349,actor
12801262,0300712,actor
12801262,0812307,actor
12801262,7445017,actor
12801262,0557457,actor
12801262,0478731,actor
12801262,0553036,actor
12801262,5521198,actor
12801262,0672330,actor
12801262,0562775,actor
12801262,0056187,actor
12801262,0266908,actor
12801262,0629618,actor
0382932,0004951,actor
0382932,0738918,actor
0382932,0652663,actor
0382932,0000453,actor
0382932,0001133,actor
0382932,0812307,actor
0382932,0000564,actor
0382932,0000413,actor
0382932,0004715,actor
0382932,2029107,actor
0382932,0001664,actor
0382932,0001652,actor
0382932,0628599,actor
0382932,0297306,actor
0382932,0826039,actor
0382932,0083348,actor
0382932,1102177,actor
0382932,2831082,actor
9907782,2933542,actor
9907782,0717709,actor
9907782,0677944,actor
9907782,3646923,actor
9907782,0079451,actor
9907782,0101400,actor
9907782,0475336,actor
9907782,6076321,actor
9907782,10498203,actor
9907782,7748240,actor
9907782,10441597,actor
9907782,10673378,actor
9907782,7596255,actor
9907782,12280563,actor
9907782,12280564,actor
9907782,1146807,actor
9907782,3355471,actor
9907782,12280565,actor
5715874,8467096,actor
5715874,9300501,actor
5715874,0131966,actor
5715874,3864163,actor
5715874,0197549,actor
5715874,0268199,actor
5715874,4422686,actor
5715874,0000173,actor
5715874,7768697,actor
5715874,0000224,actor
5715874,6129779,actor
5715874,9493313,actor
5715874,9290043,actor
5715874,8639403,actor
5715874,9179842,actor
5715874,7819204,actor
5715874,4816973,actor
5715874,6627438,actor
0087182,0001492,actor
0087182,0000515,actor
0087182,0000768,actor
0087182,0162361,actor
0087182,0000374,actor
0087182,0001207,actor
0087182,0001373,actor
0087182,0428086,actor
0087182,0430151,actor
0087182,0542146,actor
0087182,0569239,actor
0087182,0573299,actor
0087182,0620756,actor
0087182,0680795,actor
0087182,0001638,actor
0087182,0809544,actor
0087182,0001772,actor
0087182,0001776,actor
7131622,0000138,actor
7131622,0000093,actor
7131622,3053338,actor
7131622,0386472,actor
7131622,4960279,actor
7131622,0648249,actor
7131622,6253548,actor
7131622,2581521,actor
7131622,0266824,actor
7131622,0001136,actor
7131622,2538735,actor
7131622,0000580,actor
7131622,0507073,actor
7131622,0000199,actor
7131622,0358749,actor
7131622,6231136,actor
7131622,4027445,actor
7131622,4448022,actor
